,0,1,2,3,4
0,"Princess Margaret Hospital, 2-10 Princess Margaret Hospital Road, Kwai Chung, Hong Kong",,,,
1,"Oceanaire Tower 1a, 18 Po Tai St, Ma On Shan, Hong Kong",,,,
2,"South Hillcrest, 3 Tuen Kwai Rd, Tuen Mun, Hong Kong",,,,
3,"Lake Silver Tower 1, 599 Sai Sha Rd, Lake Silver, Hong Kong",,,,
4,"Lake Silver Tower 1, 599 Sai Sha Rd, Lake Silver, Hong Kong",,,,
5,"Universal Towers, 18-26 Kin Wah St, North Point, Hong Kong",,,,
6,"Princess Margaret Hospital, 2-10 Princess Margaret Hospital Road, Kwai Chung, Hong Kong",,,,
7,"South Hillcrest, 3 Tuen Kwai Rd, Tuen Mun, Hong Kong",,,,
8,"1 Austin Road West Kowloon Station, Yau Ma Tei, Hong Kong",,,,
9,"1 Austin Road West Kowloon Station, Yau Ma Tei, Hong Kong",,,,
10,"1 Austin Road West Kowloon Station, Yau Ma Tei, Hong Kong",,,,
11,"Cheung Hong Estate Hong Mei House, 12 Ching Hong Rd, Tsing Yi, Hong Kong",,,,
12,"Block 1, Site, 11 Whampoa St, Hung Hom, Hong Kong",,,,
13,"Luk Kwai House Kwai Chung Estate, Kwai Chung, Hong Kong",,,,
14,"Block 1, Site, 11 Whampoa St, Hung Hom, Hong Kong",,,,
15,"Celestial Heights 11 Celestial Avenue, 80 Sheung Shing St, Ho Man Tin, Hong Kong",,,,
16,"47號 Kai Tin Rd, Lam Tin, Hong Kong",,,,
17,"183 Ma Tau Wai Road, 183 Ma Tau Wai Rd, To Kwa Wan, Hong Kong","183 Ma Tau Wai Road, 183 Ma Tau Wai Rd, To Kwa Wan, Hong Kong",,,
18,"47號 Kai Tin Rd, Lam Tin, Hong Kong",,,,
19,"47號 Kai Tin Rd, Lam Tin, Hong Kong",,,,
20,"Villa Esplanada Block 1, 8 Nga Ying Chau St, Nga Ying Chau, Hong Kong",,,,
21,"Villa Esplanada Block 1, 8 Nga Ying Chau St, Nga Ying Chau, Hong Kong",,,,
22,"Ko Mong Building, 142-146 Shau Kei Wan Rd, Sai Wan Ho, Hong Kong",,,,
23,"9 On Muk St, Sha Tin, Hong Kong",,,,
24,"133 Hang Tau Rd, Kwu Tung, Hong Kong",,,,
25,"The Palazzo Tower 10, 28 Lok King St, Fo Tan, Hong Kong",,,,
26,"356～362 Lockhart Rd, Wan Chai, Hong Kong",,,,
27,"23 Choi Fung Path, 彩虹 Hong Kong",,,,
28,"356～362 Lockhart Rd, Wan Chai, Hong Kong",,,,
29,"356～362 Lockhart Rd, Wan Chai, Hong Kong",,,,
30,"356～362 Lockhart Rd, Wan Chai, Hong Kong",,,,
31,"Lai Chi Building, 42-56 Leighton Rd, Leighton Hill, Hong Kong",,,,
32,"106-108號 Wan Chai Rd, Wan Chai, Hong Kong","110 Wan Chai Rd, Wan Chai, Hong Kong",,,
33,"Lai Chi Building, 42-56 Leighton Rd, Leighton Hill, Hong Kong",,,,
34,"Lai Chi Building, 42-56 Leighton Rd, Leighton Hill, Hong Kong",,,,
35,"106-108號 Wan Chai Rd, Wan Chai, Hong Kong","110 Wan Chai Rd, Wan Chai, Hong Kong",,,
36,"Wo Che Estate Tai Wo House, Hip Yan St, Wo Che Estate, Hong Kong",,,,
37,"Cheung Hing Building, 110-110C Sai Wan Ho St, Sai Wan Ho, Hong Kong",,,,
38,"Cheung Hing Building, 110-110C Sai Wan Ho St, Sai Wan Ho, Hong Kong",,,,
39,"Cheung Hing Building, 110-110C Sai Wan Ho St, Sai Wan Ho, Hong Kong",,,,
40,"Lai Chi Building, 42-56 Leighton Rd, Leighton Hill, Hong Kong",,,,
41,"Cheung Hong Estate Hong Mei House, 12 Ching Hong Rd, Tsing Yi, Hong Kong",,,,
42,"Island Resort Block 3, 28 Siu Sai Wan Rd, Siu Sai Wan, Hong Kong",,,,
43,"Lei Tung Estate Tung Ping House, 5 Lei Tung Estate Rd, Ap Lei Chau, Hong Kong",,,,
44,"18 Po Lam Rd N, Yau Yue Wan, Hong Kong",,,,
45,"Tin Wan Estate Tin Chak House, Tin Wan New St, Tin Wan, Hong Kong",,,,
46,"Leung Tin Village, Hong Kong",,,,
47,"Cheung Hong Estate Hong Mei House, 12 Ching Hong Rd, Tsing Yi, Hong Kong",,,,
48,"Cheung Hong Estate Hong Mei House, 12 Ching Hong Rd, Tsing Yi, Hong Kong",,,,
49,"193 Prince Edward Rd W, Mong Kok, Hong Kong",,,,
50,"Tze Tin Tsuen, Hong Kong",,,,
51,"Mount Parker Lodge Blk D, 10 Hong Pak Path, Quarry Bay, Hong Kong",,,,
52,"Heung Hoi Mansion, 28-32 O'brien Rd, Wan Chai, Hong Kong",,,,
53,"Big Wave Bay, Hong Kong",,,,
54,"Shek Lei (ii) Estate Shek Yee House, 8 Shek Li St, Shek Lei, Hong Kong",,,,
55,"233 Wing Lok St, Sheung Wan, Hong Kong",,,,
56,"Taikoo Shing, Kam Din Terrace Ming Kung Mansion, 22 Tai Koo Shing Rd, Taikoo Shing, Hong Kong",,,,
57,"2號 Kwong Lee Rd, Cheung Sha Wan, Hong Kong",,,,
58,"633 King's Rd, Tsat Tsz Mui, Hong Kong",,,,
59,"Fu Yan Court, 23 Sai Wan Ho St, Shau Kei Wan, Hong Kong",,,,
60,"Mount Parker Lodge Blk D, 10 Hong Pak Path, Quarry Bay, Hong Kong",,,,
61,"Building, 25, 41 Hong Ning Rd, Ngau Tau Kok, Hong Kong",,,,
62,"Seaview Garden Block 1, 1 Tsing Yung St, Tuen Mun, Hong Kong",,,,
63,"Siu Sai Wan Estate Block H Sui Moon House, 10 Siu Sai Wan Rd, Siu Sai Wan, Hong Kong",,,,
64,"Siu Sai Wan Estate Block H Sui Moon House, 10 Siu Sai Wan Rd, Siu Sai Wan, Hong Kong",,,,
65,"Seaview Garden Block 1, 1 Tsing Yung St, Tuen Mun, Hong Kong",,,,
66,"Hiu Lai Court Block D Hiu Fai House, 21 Hiu Kwong St, Sau Mau Ping, Hong Kong",,,,
67,"4 On Chee Rd, Tai Po, Hong Kong",,,,
68,"80 Lei Yue Mun Rd, Yau Tong, Hong Kong",,,,
69,"Fly Dragon Terrace, 26-32 Tin Hau Temple Rd, Causeway Bay, Hong Kong",,,,
70,"30 號 Gascoigne Rd, Yau Ma Tei, Hong Kong",,,,
71,"Hing Tin Estate Choi Tin House, 8 Lin Tak Rd, Lam Tin, Hong Kong",,,,
72,"18 Wan Tsui Rd, Chai Wan, Hong Kong",,,,
73,"442 King's Rd, North Point, Hong Kong",,,,
74,"Shap Pat Heung, Hong Kong",,,,
75,"442 King's Rd, North Point, Hong Kong",,,,
76,"442 King's Rd, North Point, Hong Kong",,,,
77,"Queen Mary Hospital Main Block, Pok Fu Lam Rd, Pok Fu Lam, Hong Kong",,,,
78,"Queen Mary Hospital Main Block, Pok Fu Lam Rd, Pok Fu Lam, Hong Kong",,,,
79,"Queen Mary Hospital Main Block, Pok Fu Lam Rd, Pok Fu Lam, Hong Kong",,,,
80,"Queen Mary Hospital Main Block, Pok Fu Lam Rd, Pok Fu Lam, Hong Kong",,,,
81,"Hing Tin Estate Choi Tin House, 8 Lin Tak Rd, Lam Tin, Hong Kong",,,,
82,"Bedford Garden Hung Fook Court, 169 Tin Hau Temple Rd, Tsat Tsz Mui, Hong Kong","Bedford Garden Hong Fook Court, 153 Tin Hau Temple Rd, Tsat Tsz Mui, Hong Kong",,,
83,"Bedford Garden Hung Fook Court, 169 Tin Hau Temple Rd, Tsat Tsz Mui, Hong Kong","Bedford Garden Hong Fook Court, 153 Tin Hau Temple Rd, Tsat Tsz Mui, Hong Kong",,,
84,"Workingberg Commercial Building, 41-47 Marble Rd, North Point, Hong Kong",,,,
85,"442 King's Rd, North Point, Hong Kong",,,,
86,"Queen Mary Hospital Main Block, Pok Fu Lam Rd, Pok Fu Lam, Hong Kong",,,,
87,"Queen Mary Hospital Main Block, Pok Fu Lam Rd, Pok Fu Lam, Hong Kong",,,,
88,"442 King's Rd, North Point, Hong Kong",,,,
89,"Swiss Towers Block 4, 113 Tai Hang Rd, Tai Hang, Hong Kong",,,,
90,"18號 Pak Pat Shan Rd, Red Hill, Hong Kong","18 Pak Pat Shan Rd, Red Hill, Hong Kong",,,
91,"Bauhinia Garden Block 4, 11 Tong Chun St, Tseung Kwan O, Hong Kong",,,,
92,"442 King's Rd, North Point, Hong Kong",,,,
93,"Queen Mary Hospital Main Block, Pok Fu Lam Rd, Pok Fu Lam, Hong Kong",,,,
94,"Bauhinia Garden Block 4, 11 Tong Chun St, Tseung Kwan O, Hong Kong",,,,
95,"Queen Mary Hospital Main Block, Pok Fu Lam Rd, Pok Fu Lam, Hong Kong",,,,
96,"Queen Mary Hospital Main Block, Pok Fu Lam Rd, Pok Fu Lam, Hong Kong",,,,
97,"442 King's Rd, North Point, Hong Kong",,,,
98,"303 Un Chau St, Cheung Sha Wan, Hong Kong",,,,
99,"303 Un Chau St, Cheung Sha Wan, Hong Kong",,,,
100,"Jolly Villa, 8 Tai Hang Rd, Tai Hang, Hong Kong",,,,
101,"442 King's Rd, North Point, Hong Kong",,,,
102,"18號 Pak Pat Shan Rd, Red Hill, Hong Kong","18 Pak Pat Shan Rd, Red Hill, Hong Kong",,,
103,"Jolly Villa, 8 Tai Hang Rd, Tai Hang, Hong Kong",,,,
104,"5 Kent Rd, Kowloon Tong, Hong Kong",,,,
105,"10～16 Po Shan Rd, Mid-Levels, Hong Kong",,,,
106,"Scenic Villa Dr, Sandy Bay, Hong Kong",,,,
107,"5 Kent Rd, Kowloon Tong, Hong Kong",,,,
108,"Lui Che Woo Clinical Sciences Building (Professorial Block), Ngan Shing St, Sha Tin, Hong Kong",,,,
109,"Swiss Towers Block 4, 113 Tai Hang Rd, Tai Hang, Hong Kong",,,,
110,"Baguio Villa Block 31, 550 Victoria Rd, Telegraph Bay, Hong Kong",,,,
111,"Bedford Garden Hung Fook Court, 169 Tin Hau Temple Rd, Tsat Tsz Mui, Hong Kong","Bedford Garden Hong Fook Court, 153 Tin Hau Temple Rd, Tsat Tsz Mui, Hong Kong",,,
112,"Swiss Towers Block 4, 113 Tai Hang Rd, Tai Hang, Hong Kong",,,,
113,"1/F, CNT Tower, 338 Hennessy Rd, Wan Chai, Hong Kong",,,,
114,"1/F, CNT Tower, 338 Hennessy Rd, Wan Chai, Hong Kong",,,,
115,"10～16 Po Shan Rd, Mid-Levels, Hong Kong",,,,
116,"Hong Kong, 薄扶林域多利道550號45 – 48",,,,
117,"Hong Kong, 薄扶林域多利道550號45 – 48",,,,
118,"Hong Kong, 薄扶林域多利道550號45 – 48",,,,
119,"Goodrich Garden, Leung Tak St, Tuen Mun, Hong Kong",,,,
120,"Goodrich Garden, Leung Tak St, Tuen Mun, Hong Kong",,,,
121,"Goodrich Garden, Leung Tak St, Tuen Mun, Hong Kong",,,,
122,"Kin Sun Building, 157-161 Kweilin St, Un Chau, Hong Kong",,,,
123,"4 On Chee Rd, Tai Po, Hong Kong",,,,
124,"Po Fook Memorial Hall, 1 Yau On St, Sha Tin, Hong Kong",,,,
125,"88 Cha Kwo Ling Rd, Lam Tin, Hong Kong",,,,
126,"88 Cha Kwo Ling Rd, Lam Tin, Hong Kong",,,,
127,"33 Castle Peak Rd (Sham Tseng), Sham Tseng, Hong Kong",,,,
128,"33 Castle Peak Rd (Sham Tseng), Sham Tseng, Hong Kong",,,,
129,"223 Hing Fong Rd, Kwai Chung, Hong Kong",,,,
130,"223 Hing Fong Rd, Kwai Chung, Hong Kong",,,,
131,"Pok Fu Lam Road, Lung Fu Shan, Hong Kong",,,,
132,"625 King's Road, 625 King's Rd, Tsat Tsz Mui, Hong Kong","625 King's Road, 625 King's Rd, Tsat Tsz Mui, Hong Kong",,,
133,"48 Percival St, Causeway Bay, Hong Kong",,,,
134,"Hong Kong International Airport, 1 Sky Plaza Rd, Chek Lap Kok, Hong Kong",,,,
135,"Hong Kong International Airport, 1 Sky Plaza Rd, Chek Lap Kok, Hong Kong",,,,
136,"Block A, Tai Hang Terrace, 5 Chun Fai Rd, Tai Hang, Hong Kong",,,,
137,"Hong Kong International Airport, 1 Sky Plaza Rd, Chek Lap Kok, Hong Kong",,,,
138,"2 Village Rd, Happy Valley, Hong Kong",,,,
139,"6 Chung Nga Rd, Tai Po, Hong Kong",,,,
140,"Hong Kong International Airport, 1 Sky Plaza Rd, Chek Lap Kok, Hong Kong",,,,
141,"7-19 Tsing Luk St, Tsing Yi, Hong Kong",,,,
142,"Hong Kong International Airport, 1 Sky Plaza Rd, Chek Lap Kok, Hong Kong",,,,
143,"The Harbourview, 4 Harbour Rd, Wan Chai, Hong Kong",,,,
144,"Hebe Haven, Hong Kong",,,,
145,"Fort Mansion, 25-27 Fort St, North Point, Hong Kong",,,,
146,"2 Village Rd, Happy Valley, Hong Kong",,,,
147,"40 Stubbs Rd, Happy Valley, Hong Kong",,,,
148,"Ping On House, 12-13 Wu Nam St, Aberdeen, Hong Kong","2 Chengtu Rd, Aberdeen, Hong Kong",,,
149,"1, 145號 Battery St, Yau Ma Tei, Hong Kong",,,,
150,"Kowloon Mosque And Islamic Centre, 105 Nathan Rd, Tsim Sha Tsui, Hong Kong",,,,
151,"2 Hoi Chu Rd, Tuen Mun, Hong Kong",,,,
152,"55 Wing Hong St, Cheung Sha Wan, Hong Kong",,,,
153,"1/F, CNT Tower, 338 Hennessy Rd, Wan Chai, Hong Kong",,,,
154,"80 Sheung Shing St, Quarry Hill, Hong Kong",,,,
155,"183號 Queen's Rd E, Wan Chai, Hong Kong",,,,
156,"Hong Kong International Airport, 1 Sky Plaza Rd, Chek Lap Kok, Hong Kong",,,,
157,"Hong Kong International Airport, 1 Sky Plaza Rd, Chek Lap Kok, Hong Kong",,,,
158,"Harvest Moon House, 337-339 Nathan Rd, Yau Ma Tei, Hong Kong",,,,
159,"23 Carmel Rd, Stanley, Hong Kong",,,,
160,"Hong Kong International Airport, 1 Sky Plaza Rd, Chek Lap Kok, Hong Kong",,,,
161,"1 Austin Road West Kowloon Station, Yau Ma Tei, Hong Kong",,,,
162,"Kowloon Station, West Kowloon, Hong Kong",,,,
163,"30 號 Gascoigne Rd, Yau Ma Tei, Hong Kong",,,,
164,"Princess Margaret Hospital, 2-10 Princess Margaret Hospital Road, Kwai Chung, Hong Kong",,,,
165,"Princess Margaret Hospital, 2-10 Princess Margaret Hospital Road, Kwai Chung, Hong Kong",,,,
166,"Hong Kong International Airport, 1 Sky Plaza Rd, Chek Lap Kok, Hong Kong",,,,
167,"183號 Queen's Rd E, Wan Chai, Hong Kong",,,,
168,"Scenic Rise, 46 Caine Rd, Mid-Levels, Hong Kong",,,,
169,"353 Castle Peak Rd (Ting Kau), Ting Kau, Hong Kong",,,,
170,"九座11D 富花園, Ma On Shan, Hong Kong",,,,
171,"Jubilee Garden Block 2, 2-18 Lok King St, Fo Tan, Hong Kong",,,,
172,"Hong Kong International Airport, 1 Sky Plaza Rd, Chek Lap Kok, Hong Kong",,,,
173,"14 Granville Rd, Tsim Sha Tsui, Hong Kong",,,,
174,"Hong Kong International Airport, 1 Sky Plaza Rd, Chek Lap Kok, Hong Kong",,,,
175,"Hong Kong International Airport, 1 Sky Plaza Rd, Chek Lap Kok, Hong Kong",,,,
176,"Silver Jubilee Mansion, 62-72 Po Hing Fong, Tai Ping Shan, Hong Kong",,,,
177,"Silver Jubilee Mansion, 62-72 Po Hing Fong, Tai Ping Shan, Hong Kong",,,,
178,"Queen Mary Hospital Main Block, Pok Fu Lam Rd, Pok Fu Lam, Hong Kong",,,,
179,"Hong Kong International Airport, 1 Sky Plaza Rd, Chek Lap Kok, Hong Kong",,,,
180,"Hong Kong International Airport, 1 Sky Plaza Rd, Chek Lap Kok, Hong Kong",,,,
181,"39 Tai Mong Tsai Rd, Sai Kung, Hong Kong",,,,
182,"80 Tat Chee Ave, Kowloon Tong, Hong Kong",,,,
183,"1 D'Aguilar St, Central, Hong Kong",,,,
184,"Island Resort Block 1, 28 Siu Sai Wan Rd, Siu Sai Wan, Hong Kong",,,,
185,"Princess Margaret Hospital, 2-10 Princess Margaret Hospital Road, Kwai Chung, Hong Kong",,,,
186,"Princess Margaret Hospital, 2-10 Princess Margaret Hospital Road, Kwai Chung, Hong Kong",,,,
187,"Princess Margaret Hospital, 2-10 Princess Margaret Hospital Road, Kwai Chung, Hong Kong",,,,
188,"Princess Margaret Hospital, 2-10 Princess Margaret Hospital Road, Kwai Chung, Hong Kong",,,,
189,"Princess Margaret Hospital, 2-10 Princess Margaret Hospital Road, Kwai Chung, Hong Kong",,,,
190,"Princess Margaret Hospital, 2-10 Princess Margaret Hospital Road, Kwai Chung, Hong Kong",,,,
191,"1 D'Aguilar St, Central, Hong Kong",,,,
192,"6 Tsun Wen Rd, Tuen Mun, Hong Kong",,,,
193,"Printing House, 18 Ice House St, Central, Hong Kong",,,,
194,"1 D'Aguilar St, Central, Hong Kong",,,,
195,"Princess Margaret Hospital, 2-10 Princess Margaret Hospital Road, Kwai Chung, Hong Kong",,,,
196,"Princess Margaret Hospital, 2-10 Princess Margaret Hospital Road, Kwai Chung, Hong Kong",,,,
197,"Princess Margaret Hospital, 2-10 Princess Margaret Hospital Road, Kwai Chung, Hong Kong",,,,
198,"30-32 D'Aguilar St, Central, Hong Kong",,,,
199,"170號 Pik Wan Rd, Lam Tin, Hong Kong",,,,
200,"246 Castle Peak Road (Yuen Long), Yuen Long, Hong Kong",,,,
201,"9 Po Kin Road, Sheung Shui, Hong Kong",,,,
202,"Repulse Bay Garden Block 4, 24 Belleview Dr, Repulse Bay, Hong Kong",,,,
203,"33 Lai Ping Rd, Kau To Shan, Hong Kong",,,,
204,"新界將軍澳唐德街9號, Park Central, 9 Tong Tak St, Tseung Kwan O, Hong Kong",,,,
205,"10 Chater Rd, Central, Hong Kong",,,,
206,"18 Old Peak Rd, Mid-Levels, Hong Kong",,,,
207,"9 Ship St, Wan Chai, Hong Kong",,,,
208,"18 Salisbury Rd, Tsim Sha Tsui, Hong Kong",,,,
209,"Hoover Towers Block 1, 15 Sau Wa Fong, Wan Chai, Hong Kong",,,,
210,"22-34 Lee Tung St, Wan Chai, Hong Kong",,,,
211,"Tung Chung Crescent Block 5, Shun Tung Rd, Tung Chung Crescent, Hong Kong",,,,
212,"Envoy Garden, 108-110 Blue Pool Rd, Happy Valley, Hong Kong",,,,
213,"200 Queen's Rd E, Wan Chai, Hong Kong",,,,
214,"Sakura Court, 58-60 Kennedy Rd, Mid-Levels, Hong Kong",,,,
215,"Villa Monte Rosa Block F, 41A Stubbs Rd, Hong Kong",,,,
216,"1 High St, Mid-Levels, Hong Kong",,,,
217,"70 Tin Hau Temple Rd, Hong Kong",,,,
218,"1-2 On Yuk Rd, Tsuen King Circuit, Hong Kong",,,,
219,"Vision City Tower 1, 1 Yeung Uk Rd, Tsuen Wan, Hong Kong",,,,
220,"Yee Kok Court Yee Tai House, 329-343 Cheung Sha Wan Rd, Sham Shui Po, Hong Kong",,,,
221,"Hampton Place Tower 3, 11 Hoi Fan Rd, Tai Kok Tsui, Hong Kong",,,,
222,"及 16 號, 8 Hoi Ting Rd, Mong Kok, Hong Kong",,,,
223,"5-7號 May Rd, Mid-Levels, Hong Kong",,,,
224,"Gross Pointe Villa, 4 Stanley Village Rd, Stanley, Hong Kong",,,,
225,"San Po Kong, Hong Kong",,,,
226,"2 Ice House St, Central, Hong Kong",,,,
227,"8 Hok Ling St, Ma Tau Kok, Hong Kong",,,,
228,"651 King's Rd, Tsat Tsz Mui, Hong Kong",,,,
229,"1 Harbour Dr, Wan Chai, Hong Kong",,,,
230,"9 Tin Shui Rd, Tin Shui Wai, Hong Kong","Yuen Long, Hong Kong","Yuen Long District, Hong Kong",,
231,"1 Ma Sik Rd, Fanling, Hong Kong",,,,
232,"號 No, 108 Wai Yip St, Kwun Tong, Hong Kong",,,,
233,"S Bay Rd, Repulse Bay, Hong Kong",,,,
234,"18號 Pak Pat Shan Rd, Red Hill, Hong Kong",,,,
235,"33號 Hennessy Rd, Wan Chai, Hong Kong","373 Queen's Rd E, Wan Chai, Hong Kong",,,
236,"Tung Lam Court, 63 Yiu Hing Rd, Sai Wan Ho, Hong Kong",,,,
237,"63 Wing Tai Rd, Chai Wan, Hong Kong",,,,
238,"Wo Tong Kong, Clear Water Bay, Hong Kong",,,,
239,"608 Sai Sha Rd, Ma On Shan, Hong Kong","9 Ma Kam Street, Ma On Shan, Hong Kong",,,
240,"Hong Kong, 灣仔港灣道25號海港中心23/F",,,,
241,"118 Tam Kung Rd, Ma Tau Chung, Hong Kong",,,,
242,"38 Tat Chee Ave, Yau Yat Chuen, Hong Kong",,,,
243,"Tip Sum House Butterfly Estate; Wu Chui Road, Butterfly Beach, Hong Kong",,,,
244,"Po Hing Mansion, Wa Ning Ln, Tai Ping Shan, Hong Kong","Hong Kong, Tai Ping Shan, Po Hing Fong, 2號Shop A, G/F, Po Hing Mansions",,,
245,"Beverly Hill - Quarters Block C, 6 Broadwood Rd, So Kon Po, Hong Kong",,,,
246,"8 Ventris Rd, Happy Valley, Hong Kong",,,,
247,"263 Hollywood Rd, Central, Hong Kong",,,,
248,"Taikoo Shing, Harbour View Gardens Maple Mansion, 18 Tai Koo Wan Rd, Quarry Bay, Hong Kong",,,,
249,"Healthy Village - Phase2 Block 1a Hong Cheung Court, King's Rd, Tsat Tsz Mui, Hong Kong",,,,
250,"Third St, Sai Ying Pun, Hong Kong",,,,
251,"Ma On Shan Centre Block 1, 1 On Chun St, Ma On Shan, Hong Kong",,,,
252,"The Grandville Tower D, 2 Lok Kwai Path, Fo Tan, Hong Kong",,,,
253,"Hong Kong Sports Institute, 25 Yuen Wo Rd, Sha Tin, Hong Kong",,,,
254,"Tai Hing Estate Hing Fai House, 2 Tai Fong St, Tuen Mun, Hong Kong",,,,
255,"Lohas Park Phase 1 The Capitol Tower 1 Banff, 1 Lohas Park Rd, Tseung Kwan O, Hong Kong",,,,
256,"Ocean Shores Tower 9, 88 O King Rd, Tseung Kwan O, Hong Kong",,,,
257,"Tin Yiu (i) Estate Block 3 Yiu Foo House, 2 Tin Wu Rd, Tin Shui Wai, Hong Kong",,,,
258,"Tin Yiu (i) Estate Block 3 Yiu Foo House, 2 Tin Wu Rd, Tin Shui Wai, Hong Kong",,,,
259,"70 Tin Hau Temple Rd, Hong Kong",,,,
260,"Cheong Shing Court, 7 San Lau St, Lo Lung Hang, Hong Kong",,,,
261,"Draco Industrial Building, 46 Lai Yip St, Kwun Tong, Hong Kong",,,,
262,"Shek Yam East Estate Yam Heng House, Shek Yam, Hong Kong",,,,
263,"1 Harbour Dr, Wan Chai, Hong Kong",,,,
264,"Silvercrest, 24 Macdonnell Rd, Mid-Levels, Hong Kong",,,,
265,"34 Belleview Dr, Repulse Bay, Hong Kong","號, 7 Belleview Dr, Repulse Bay, Hong Kong",,,
266,"189 Queen's Rd W, Sai Ying Pun, Hong Kong",,,,
267,"63 Wing Tai Rd, Chai Wan, Hong Kong",,,,
268,"Kornhill Block Q, 8 Hong On St, Kornhill, Hong Kong",,,,
269,"Mei Foo Sun Chuen, Hong Kong",,,,
270,"Caribbean Coast Phase 3 Carmel Cove Tower 12, 1 Kin Tung Rd, Caribbean Coast, Hong Kong",,,,
271,"Prosperous Garden Block 4, 3 Public Square St, Yau Ma Tei, Hong Kong",,,,
272,"Hoi Fu Court Block A Hoi Yan House, Hoi Ting Rd, Mong Kok, Hong Kong",,,,
273,"84 Hung To Rd, Kwun Tong, Hong Kong",,,,
274,"Tai Shing St, Chuk Un, Hong Kong",,,,
275,"G/F, 76 Jaffe Rd, Wan Chai, Hong Kong",,,,
276,"307 Jaffe Rd, Wan Chai, Hong Kong",,,,
277,"8 Ventris Rd, Happy Valley, Hong Kong",,,,
278,"Parkvale Village - Discovery Bay Woodland Court, 6 Parkvale Dr, Discovery Bay, Hong Kong",,,,
279,Hong Kong,,,,
280,"120 Connaught Rd W, Sai Ying Pun, Hong Kong",,,,
281,"208 Hollywood Rd, Tai Ping Shan, Hong Kong",,,,
282,"55 Wong Chuk Hang Rd, Aberdeen, Hong Kong",,,,
283,"Bayshore Towers Block 6, 608 Sai Sha Rd, Ma On Shan, Hong Kong",,,,
284,"8 Hoi Fai Rd, Tai Kok Tsui, Hong Kong",,,,
285,"Pak Kong Au Rd, Sai Kung, Hong Kong",,,,
286,"138 Yeung Uk Rd, Tsuen Wan, Hong Kong",,,,
287,"Provident Centre Block 2, Wharf Rd, North Point, Hong Kong",,,,
288,"Lei King Wan On Hiu Mansion, 60 Lei King Rd, Aldrich Bay, Hong Kong",,,,
289,"64 Wong Chuk Hang Rd, Hong Kong",,,,
290,"52 Cape Rd, Ma Hang, Hong Kong",,,,
291,"8 Shelter St, Causeway Bay, Hong Kong",,,,
292,"Monmouth Villa, 3 Monmouth Terrace, Wan Chai, Hong Kong",,,,
293,Hong Kong,,,,
294,"City Point Block 1, 48 Wing Shun St, Tsuen Wan, Hong Kong",,,,
295,"Fanling, Hong Kong","Fanling Wai, Hong Kong",,,
296,"88 Chun Yeung St, North Point, Hong Kong",,,,
297,"Wah Ming Estate Block 1 Lai Ming House, 21 Wah Ming Rd, Fanling, Hong Kong",,,,
298,"紅磡灣, 12號, Hung Lok Rd, Hung Hom, Hong Kong",,,,
299,"86 Tai Kok Tsui Rd, Tai Kok Tsui, Hong Kong",,,,
300,"Kwong Lam Court Block C Fook Lam House, 68 Siu Lek Yuen Road, Siu Lek Yuen, Hong Kong",,,,
301,"Hong Kong Sports Institute, 25 Yuen Wo Rd, Sha Tin, Hong Kong",,,,
302,"63號 Yiu Hing Rd, Sai Wan Ho, Hong Kong",,,,
303,"63號 Yiu Hing Rd, Sai Wan Ho, Hong Kong",,,,
304,"Hong Kong Island, Hong Kong",,,,
305,"191-193 Shau Kei Wan Road, 191-193 Shau Kei Wan Rd, Shau Kei Wan, Hong Kong","191-193 Shau Kei Wan Road, 191-193 Shau Kei Wan Rd, Shau Kei Wan, Hong Kong",,,
306,Hong Kong,,,,
307,"Tak Tin Estate Block 5 Tak Shui House, 223 Pik Wan Rd, Lam Tin, Hong Kong",,,,
308,"Celeste Court, 10-12 Fung Fai Terrace, Happy Valley, Hong Kong",,,,
309,"8 Conduit Rd, Mid-Levels, Hong Kong",,,,
310,E,r,r,o,r
311,"Kwai Hong Court Block B Kwai Yat House, 150 Tai Wo Hau Rd, Kwai Chung, Hong Kong",,,,
312,"Lyton Building, 32-48 Mody Rd, Tsim Sha Tsui, Hong Kong",,,,
313,"Yee Kok Court Yee Tai House, 329-343 Cheung Sha Wan Rd, Sham Shui Po, Hong Kong",,,,
314,"Wise Mansion, 52 Robinson Rd, Mid-Levels, Hong Kong",,,,
315,"100 Cyberport Rd, Telegraph Bay, Hong Kong",,,,
316,"Marina Cove, Hong Kong",,,,
317,"Aqua 33, 33 Consort Rise, Sandy Bay, Hong Kong",,,,
318,"Hee Wong Terrace, Kennedy Town, Hong Kong",,,,
319,"9 Tsing Fat Ln, Siu Lam, Hong Kong",,,,
320,"51号, Man Tung Rd, Tung Chung, Hong Kong",,,,
321,"Hong Kong, Kowloon Tong, Stafford Rd, 25號行德園",,,,
322,"君頤峰 / PARC PALAIS, NO. 18, Wylie Rd, King's Park, 18號 Wylie Rd, King's Park, Hong Kong",,,,
323,"86 Tai Kok Tsui Rd, Tai Kok Tsui, Hong Kong",,,,
324,"41 Conduit Rd, Mid-Levels, Hong Kong",,,,
325,"33號 Tai Tam Rd, Stanley, Hong Kong",,,,
326,"18 Old Peak Rd, Mid-Levels, Hong Kong",,,,
327,"Ying Hei Rd, Tung Chung, Hong Kong",,,,
328,Hong Kong,,,,
329,Hong Kong,,,,
330,Hong Kong,,,,
331,"Tai Po Centre Phase 4, Tai Po, Hong Kong",,,,
332,"18 Hoi Ting Rd, Mong Kok, Hong Kong","Ho King Commercial Centre, 2-16號 Fa Yuen St, Mong Kok, Hong Kong",Hong Kong,,
333,"15-43 Braemar Hill Rd, North Point, Hong Kong",,,,
334,"23號 Austin Ave, Tsim Sha Tsui, Hong Kong",,,,
335,"152 Waterloo Road, 152 Waterloo Rd, Kowloon Tsai, Hong Kong","152 Waterloo Road, 152 Waterloo Rd, Kowloon Tsai, Hong Kong",,,
336,"Mai Ning Building, 1 Mei Fong St, Kwai Chung, Hong Kong",,,,
337,"Chau Kwai House Kwai Chung Estate, Kwai Chung, Hong Kong",,,,
338,"38號 Yiu Hing Rd, Sai Wan Ho, Hong Kong",,,,
339,"10 Siu Sai Wan Rd, Siu Sai Wan, Hong Kong","Sui Fat Hse Siu Sai Wan Estate, Siu Sai Wan, Hong Kong",,,
340,"Broadwood Park, 38 Broadwood Rd, So Kon Po, Hong Kong",,,,
341,"Lei Tung Estate Tung Yip House, 5 Lei Tung Estate Rd, Ap Lei Chau, Hong Kong",,,,
342,"Island Building, 439-445 Hennessy Rd, Bowrington, Hong Kong",,,,
343,"1 Wan Hang Rd, Metro City, Hong Kong",,,,
344,"Wan Chai Market, 258號 Queen's Rd E, Wan Chai, Hong Kong",,,,
345,"Po Ming Building, 96-106 Percival St, Causeway Bay, Hong Kong",,,,
346,"Villa Athena Block 7, 600 Sai Sha Rd, Villa Athena, Hong Kong",,,,
347,"Fullview Garden Block 3, 18 Siu Sai Wan Rd, Siu Sai Wan, Hong Kong",,,,
348,"Yao'an Bus Terminal, Ma On Shan, Hong Kong",,,,
349,"Ting Kok Rd, Ting Kok, Hong Kong",,,,
350,"Ting Kok Rd, Ting Kok, Hong Kong",,,,
351,"Sai Keng, Ma On Shan, Hong Kong",,,,
352,"84 Hung To Rd, Kwun Tong, Hong Kong",,,,
353,Hong Kong,,,,
354,"1 Supreme Ct Rd, Admiralty, Hong Kong",,,,
355,"1 Supreme Ct Rd, Admiralty, Hong Kong",,,,
356,"1 Supreme Ct Rd, Admiralty, Hong Kong",,,,
357,"Taikoo Shing, Kao Shan Terrace Kam Shan Mansion, 5 Tai Fung Ave, Taikoo Shing, Hong Kong",,,,
358,"Stafford Rd, Kowloon Tong, Hong Kong",,,,
359,"312 Queen's Rd W, Sai Wan, Hong Kong",,,,
360,"321 Des Voeux Rd W, Sai Wan, Hong Kong",,,,
361,"Golden Valley Mansion, 135-137A Caine Rd, Tai Ping Shan, Hong Kong",,,,
362,"33號 Tai Tam Rd, Stanley, Hong Kong",,,,
363,Hong Kong,,,,
364,Hong Kong,,,,
365,"Belair Gardens Jade Heights, 52 Tai Chung Kiu Rd, Belair Gardens, Hong Kong",,,,
366,"Golden Valley Mansion, 135-137A Caine Rd, Tai Ping Shan, Hong Kong",,,,
367,"Able Building, 15 St Francis Yard, Wan Chai, Hong Kong",,,,
368,"8 Finance St, Central, Hong Kong",,,,
369,"1 Ping On Ln, Tai Ping Shan, Hong Kong",,,,
370,"Mun Tung Estate Mun Wo House, Tung Chung, Hong Kong","7 Chung Yat St, Tung Chung, Hong Kong",,,
371,"South Horizons Phase 2 Block 12 Yee Moon Court, 12 South Horizon Drive, South Horizons, Hong Kong",,,,
372,"Sing Kong Building, 233-243 Lockhart Rd, Wan Chai, Hong Kong",,,,
373,"Baguio Villa Block 25, 550 Victoria Rd, Pok Fu Lam, Hong Kong",,,,
374,"Wise Mansion, 52 Robinson Rd, Mid-Levels, Hong Kong",,,,
375,"Fo Tan, Hong Kong",,,,
376,"Tai Po, Hong Kong",,,,
377,"1 High St, Mid-Levels, Hong Kong",,,,
378,"No. 1 Oxford Road House 15, 1 Oxford Rd, Kowloon Tsai, Hong Kong",,,,
379,"6 Ming Yuen Western St, North Point, Hong Kong",,,,
380,"Marina Cove, Hong Kong",,,,
381,Hong Kong,,,,
382,"Uptown Plaza Block 3, 9 Nam Wan Road, Tai Po, Hong Kong",,,,
383,"Hang Shun Mansions, 68-82 Jaffe Rd, Wan Chai, Hong Kong",,,,
384,"Kwong Ming Court Kwong Cheong House, 108 Po Hong Rd, Tseung Kwan O, Hong Kong",,,,
385,"Hong Kong, Mui Wo, 銀鑛灣路",,,,
386,"Hang Shun Mansions, 68-82 Jaffe Rd, Wan Chai, Hong Kong",,,,
387,"King Lam Estate King Yung House, Yau Yue Wan, Hong Kong",,,,
388,"Percival House, 83 Percival St, Bowrington, Hong Kong",,,,
389,"8 Shelter St, Causeway Bay, Hong Kong",,,,
390,"1 Fung Fai Terrace, 1 Fung Fai Terrace, Happy Valley, Hong Kong",,,,
391,"Hong Kong, Lantau Island, 大嶼山",,,,
392,"Hong Lok Rd E, Hong Lok Yuen, Hong Kong",,,,
393,"Full Shing Building, 9 Sai Ching St, Yuen Long, Hong Kong",,,,
394,"260, Tsing Chuen Wai Rd, Lam Tei, Hong Kong",,,,
395,"88 Siena Avenue, Discovery Bay, Lantau Island, Hong Kong",,,,
396,"33 Tsing King Rd, Tsing Yi, Hong Kong",,,,
397,"28 Kin Chuen St, Kwai Chung, Hong Kong",,,,
398,"Sun Fung Wai, Hong Kong",,,,
399,"50 Nathan Rd, Tsim Sha Tsui, Hong Kong",,,,
400,"50 Nathan Rd, Tsim Sha Tsui, Hong Kong",,,,
401,"18 Hanoi Rd, Tsim Sha Tsui, Hong Kong",,,,
402,"Welley Building, 97 Wellington St, Central, Hong Kong",,,,
403,"Wan Chai Park, Bullock Ln, Wan Chai, Hong Kong",,,,
404,"16 Laguna Verde Ave, Hung Hom, Hong Kong",,,,
405,"Stanford Villa Block 2, 7 Stanley Village Rd, Stanley, Hong Kong",,,,
406,"Grand Promenade Tower 1, 38 Tai Hong St, Aldrich Bay, Hong Kong",,,,
407,"Liu Pok, Hong Kong",,,,
408,"9 Canton Rd, Tsim Sha Tsui, Hong Kong","Island Harbourview Block 6, 11 Hoi Fai Rd, Tai Kok Tsui, Hong Kong",,,
409,"52 Conduit Rd, Mid-Levels, Hong Kong",,,,
410,"Mai Kei Industrial Building, 5 San Hop Ln, Tuen Mun, Hong Kong",,,,
411,"Wan Tsui Rd, Chai Wan, Hong Kong",,,,
412,"76 Jaffe Rd, Wan Chai, Hong Kong",,,,
413,"Manulife Financial Centre Tower A, 223 Wai Yip St, Kwun Tong, Hong Kong",,,,
414,"Kwun Hei Court Block A, 3 Sheung Lok St, Quarry Hill, Hong Kong",,,,
415,"Nam Wa Po, Hong Kong",,,,
416,"56 Conduit Rd, Mid-Levels, Hong Kong",,,,
417,"Oriental Gardens Block B, 236-238 Prince Edward Rd W, Prince Edward, Hong Kong",,,,
418,"148 Tung Lo Wan Rd, Causeway Bay, Hong Kong",,,,
419,"Happy Valley 88, 42 Blue Pool Rd, Happy Valley, Hong Kong",,,,
420,"Hong Kong, Tsim Sha Tsui, 香港九龍尖沙咀 廣東道28號 力寶太陽廣場6樓7室",,,,
421,"345 Chai Wan Rd, Chai Wan, Hong Kong",,,,
422,"128～138號 Leighton Rd, So Kon Po, Hong Kong",,,,
423,"Caribbean Coast Phase 2 Albany Cove Tower 6, 1 Kin Tung Rd, Caribbean Coast, Hong Kong",,,,
424,"8 Chung Yan Rd, Lantau Island, Hong Kong",,,,
425,"9 Po Kin Road, Sheung Shui, Hong Kong",,,,
426,"Block H, Tsing Chung Koon Rd, Tuen Mun, Hong Kong","Tsing Lun Road, Tuen Mun, Hong Kong",,,
427,"18 Hoi Ting Rd, Mong Kok, Hong Kong",,,,
428,"South Horizons Phase 1 Block 4 Hoi Wan Court, 4 South Horizon Drive, South Horizons, Hong Kong",,,,
429,"One Silver Sea Tower 2, 18 Hoi Fai Rd, Tai Kok Tsui, Hong Kong",,,,
430,"5 Ching Hiu Rd, Sheung Shui, Hong Kong",,,,
431,"Yee Hing Building, 357-359 Hennessy Rd, Wan Chai, Hong Kong",,,,
432,"82 Jaffe Rd, Wan Chai, Hong Kong",,,,
433,"76 Jaffe Rd, Wan Chai, Hong Kong",,,,
434,"The Harbourview, 11 Magazine Gap Rd, Mid-Levels, Hong Kong",,,,
435,"Tin Heng Estate Heng Lai House, Tin Shui Wai, Hong Kong",,,,
436,"1 Sheung Foo St, Ho Man Tin, Hong Kong",,,,
437,"St. Paul's Terrace, 42A Macdonnell Rd, Mid-Levels, Hong Kong",,,,
438,"20 Yau King Ln, Tai Po Kau, Hong Kong",,,,
439,"82 Jaffe Rd, Wan Chai, Hong Kong",,,,
440,"Rosewood Hong Kong No18, Salisbury Rd, Tsim Sha Tsui, Hong Kong",,,,
441,"Hing Wah (i) Estate Cheuk Wah House, 11 Wan Tsui Rd, Chai Wan, Hong Kong",,,,
442,"Block H, Tsing Chung Koon Rd, Tuen Mun, Hong Kong","Tsing Lun Road, Tuen Mun, Hong Kong",,,
443,Hong Kong,,,,
444,"Regal Crest, 9 Robinson Rd, Mid-Levels, Hong Kong",,,,
445,"San Po Kong, Hong Kong",,,,
446,"Oi Man Estate Chiu Man House, No. 12 Hill, Hong Kong",,,,
447,"8 Pui Shing Rd, Hang Hau, Hong Kong",,,,
448,"9 Po Kin Road, Sheung Shui, Hong Kong",,,,
449,"Wing Ngai Mansion, 9-15 Luen On St, Ngau Tau Kok, Hong Kong",,,,
450,"379 Queen's Road Central, Hong Kong",,,,
451,"8 Mercer St, Sheung Wan, Hong Kong",,,,
452,"18 Eastern St, Sai Ying Pun, Hong Kong",,,,
453,"Yau Lai Estate Block A Nga Lai House, 9 Yau Tong Rd, Yau Tong, Hong Kong",,,,
454,"Yuen Long District, Hong Kong",,,,
455,"130 Hip Wo St, Kwun Tong, Hong Kong",,,,
456,"11號 Chuen On Rd, Tai Po, Hong Kong",,,,
457,"Sau Mau Ping Estate Sau Wah House, 101 Sau Mau Ping Rd, Sau Mau Ping, Hong Kong",,,,
458,"83 Sycamore St, Tai Kok Tsui, Hong Kong",,,,
459,"8 Yan King Rd, Yau Yue Wan, Hong Kong",,,,
460,"Peninsula Vill - Discovery Bay Twilight Court, 2 Caperidge Dr, Discovery Bay, Hong Kong","To Tei Wan, Hong Kong",,,
461,"21 Kung Lok Rd, Ngau Tau Kok, Hong Kong",,,,
462,"Abba House Block B, 227 Aberdeen Main Rd, Aberdeen, Hong Kong",,,,
463,"Scholastic Garden, 48 Lyttelton Rd, Mid-Levels, Hong Kong",,,,
464,"8 Kennedy Rd, Mid-Levels, Hong Kong",,,,
465,"Knutsford Court, 10 Knutsford Terrace, Tsim Sha Tsui, Hong Kong",,,,
466,"Elm Tree Towers Block A, Chun Fai Rd, Jardine's Lookout, Hong Kong",,,,
467,"64-66D Mount Davis Rd, Mount Davis, Hong Kong","Central And Western District, Hong Kong",,,
468,"22 Hennessy Rd, Wan Chai, Hong Kong",,,,
469,"West Kowloon, Hong Kong",,,,
470,"Sun Tuen Mun Centre Block 2, Lung Mun Rd, Tuen Mun, Hong Kong",,,,
471,"16號 Fo Chun Rd, Tai Po, Hong Kong",,,,
472,"392 Reclamation St, Mong Kok, Hong Kong",,,,
473,"39 Kimberley Rd, Tsim Sha Tsui, Hong Kong",,,,
474,"The Palisades Block 1, 19 Pik Sha Rd, Clear Water Bay, Hong Kong",,,,
475,"67 S Bay Rd, Repulse Bay, Hong Kong",,,,
476,"Yick Shing Mansion, 238-240 Lockhart Rd, Wan Chai, Hong Kong",,,,
477,"1號日出康城 Lohas Park Rd, Tseung Kwan O, Hong Kong",,,,
478,"Princess Margaret Hospital, 2-10 Princess Margaret Hospital Road, Kwai Chung, Hong Kong",,,,
479,"Riviera Gardens Block 16 Hoi Tsui Mansion, Yi Lok St, Riviera Gardens, Hong Kong",,,,
480,"Wai Hang St, Sai Wan Ho, Hong Kong",,,,
481,"84 Hung To Rd, Kwun Tong, Hong Kong",,,,
482,"21-29 Sui Wo Rd, Fo Tan, Hong Kong",,,,
483,"Tsz Ching Estate Ching Ming House, 80 Tsz Wan Shan Rd, Tsz Wan Shan, Hong Kong",,,,
484,"55 Wong Chuk Hang Rd, Aberdeen, Hong Kong",,,,
485,"1On, On Ping St, Sha Tin, Hong Kong",,,,
486,"22 Hennessy Rd, Wan Chai, Hong Kong",,,,
487,"Hiu Lai Court Block A Hiu Tin House, 21 Hiu Kwong St, Sau Mau Ping, Hong Kong",,,,
488,"Hiu Lai Court Block A Hiu Tin House, 21 Hiu Kwong St, Sau Mau Ping, Hong Kong",,,,
489,"Richland Gardens Block 19, 80 Wang Kwong Rd, Kowloon Bay, Hong Kong",,,,
490,"Wang Chiu Rd, Kowloon Bay, Hong Kong",,,,
491,"33 Tsing King Rd, Tsing Yi, Hong Kong",,,,
492,"及 16 號, 8 Hoi Ting Rd, Mong Kok, Hong Kong",,,,
493,"Super Tower, 17 Dianthus Rd, Yau Yat Chuen, Hong Kong",,,,
494,"Hin Keng Estate Hin Yeung House, 69 Che Kung Miu Rd, Tai Wai, Hong Kong",,,,
495,"Kam Fung Building, 171 Aberdeen Main Rd, Aberdeen, Hong Kong",,,,
496,"Willie Court, 49-59 Wai Ching St, Yau Ma Tei, Hong Kong",,,,
497,"Koon Fook Centre, 9 Knutsford Terrace, Tsim Sha Tsui, Hong Kong",,,,
498,"76 Jaffe Rd, Wan Chai, Hong Kong",,,,
499,"Heng Fa Chuen Block 33, 100 Shing Tai Rd, Pak Sha Wan, Hong Kong",,,,
500,"76 Jaffe Rd, Wan Chai, Hong Kong",,,,
501,"130 Hip Wo St, Kwun Tong, Hong Kong",,,,
502,"130 Hip Wo St, Kwun Tong, Hong Kong",,,,
503,"63 Nathan Rd, Tsim Sha Tsui, Hong Kong",,,,
504,"130 Hip Wo St, Kwun Tong, Hong Kong",,,,
505,"Block H, Tsing Chung Koon Rd, Tuen Mun, Hong Kong","Tsing Lun Road, Tuen Mun, Hong Kong",,,
506,"The Castello Block 2, 69 Siu Lek Yuen Road, Siu Lek Yuen, Hong Kong",,,,
507,"The University Of Hong Kong High West, 142 Pok Fu Lam Rd, Pok Fu Lam, Hong Kong",,,,
508,"Hing Lee Building, 2L-2N Cooke St, Hung Hom, Hong Kong",,,,
509,"Lung Hang Estate Wai Sum House, Fu Kin St, Tai Wai, Hong Kong",,,,
510,"Metroplaza Tower 2, 223 Hing Fong Rd, Kwai Fong, Hong Kong","Tsuen Wan, Hong Kong",,,
511,"Wai Ching Mansion, 56-68 Wai Ching St, Yau Ma Tei, Hong Kong",,,,
512,"Koon Fook Centre, 9 Knutsford Terrace, Tsim Sha Tsui, Hong Kong",,,,
513,"28 Sheung Shing St, Ho Man Tin, Hong Kong",,,,
514,"21 Kung Lok Rd, Ngau Tau Kok, Hong Kong",,,,
515,"Shun Hing Building, 314-324B Ferry St, Mong Kok, Hong Kong",,,,
516,"280 Ki Lung St, Sham Shui Po, Hong Kong",,,,
517,"Telford Gardens Block Q2, 33 Wai Yip St, Kowloon Bay, Hong Kong",,,,
518,"76 Jaffe Rd, Wan Chai, Hong Kong",,,,
519,"Sorrento Tower 1, 1 Austin Rd W, Tsim Sha Tsui, Hong Kong",,,,
520,"Lui Che Woo Clinical Sciences Building (Professorial Block), Ngan Shing St, Sha Tin, Hong Kong",,,,
521,"Centrestage Tower 1, 108 Hollywood Rd, Sheung Wan, Hong Kong",,,,
522,"Centrestage Tower 1, 108 Hollywood Rd, Sheung Wan, Hong Kong",,,,
523,"2號 Queen's Road Central, Central, Hong Kong",,,,
524,"Yick Shing Mansion, 238-240 Lockhart Rd, Wan Chai, Hong Kong",,,,
525,"Koon Fook Centre, 9 Knutsford Terrace, Tsim Sha Tsui, Hong Kong",,,,
526,"Lui Che Woo Clinical Sciences Building (Professorial Block), Ngan Shing St, Sha Tin, Hong Kong",,,,
527,"239號 Queen's Rd E, Wan Chai, Hong Kong",,,,
528,"Ocean View Court, 21-27A Chatham Rd S, Tsim Sha Tsui, Hong Kong",,,,
529,"Princess Margaret Hospital, 2-10 Princess Margaret Hospital Road, Kwai Chung, Hong Kong",,,,
530,"Cheong Lok St, Jordan, Hong Kong",,,,
531,"Big Orange - Kwai Chung, Wo Yi Hop Rd, Kwai Chung, Hong Kong",,,,
532,"Shek Pai Wan Estate Block 4 Pik Shan House, 68 Yue Kwong Rd, Aberdeen, Hong Kong",,,,
533,"Fok Cheong Building, 1032-1044 King's Rd, Quarry Bay, Hong Kong",,,,
534,"32 Gough St, Central, Hong Kong",,,,
535,"Golden Jubilee House, 389-399 Lockhart Rd, Wan Chai, Hong Kong",,,,
536,"Ardshiel, 45 Plantation Rd, The Peak, Hong Kong",,,,
537,"Sausalito Tower 6, 1 Yuk Tai St, Ma On Shan, Hong Kong",,,,
538,"9 Kam Ying Rd, Ma On Shan, Hong Kong",,,,
539,"239 Queen's Rd W, Sai Ying Pun, Hong Kong",,,,
540,"Sai Kung, Hong Kong",,,,
541,"Honiton Building, 8 Honiton Rd, Mid-Levels, Hong Kong",,,,
542,"217 Des Voeux Road West, 217 Des Voeux Rd W, Sai Ying Pun, Hong Kong","217 Des Voeux Road West, 217 Des Voeux Rd W, Sai Ying Pun, Hong Kong",,,
543,"Central And Western District, Hong Kong",,,,
544,"15 Wang Kwong Rd, Kowloon Bay, Hong Kong",,,,
545,"Healey Building, 211-223 Castle Peak Road (Yuen Long), Yuen Long, Hong Kong",,,,
546,"Hai Wing Rd, Kwan Tei, Hong Kong",,,,
547,"豫苑 / EUSTON COURT, 6 PARK RD, MID-LEVELS, H.K, 6號 Park Road, Mid-Levels, Hong Kong",,,,
548,"Blossom Garden Block 2, 11 Leung Tak St, Tuen Mun, Hong Kong",,,,
549,"30 Fat Kwong St, Hok Yuen, Hong Kong",,,,
550,"12 Hung Lok Rd, Hung Hom Bay, Hong Kong",,,,
551,"Ha Hang, Hong Kong",,,,
552,"Provident Centre Block 1, 21 Wharf Rd, North Point, Hong Kong",,,,
553,"No.1 Dundas St, Mong Kok, Hong Kong",,,,
554,"Excelsior Court, 83 Robinson Rd, Mid-Levels, Hong Kong",,,,
555,"Queen's Road Central, 338 Queen's Rd W, Sai Ying Pun, Hong Kong",,,,
556,"Dorsett Wanchai, 387-397 Queen's Rd E, Wan Chai, Hong Kong",,,,
557,"33 Lai Ping Rd, Kau To Shan, Hong Kong",,,,
558,"The Dahfuldy, 21 Ho Man Tin Hill Rd, Ho Man Tin, Hong Kong",,,,
559,"239 Queen's Rd W, Sai Ying Pun, Hong Kong",,,,
560,"2 Hoi Chu Rd, Tuen Mun, Hong Kong",,,,
561,"Beverly Garden Block 4, 1 Tong Ming St, Tseung Kwan O, Hong Kong",,,,
562,"Fairview Height Block 1, 1 Seymour Rd, Mid-Levels, Hong Kong",,,,
563,"Academic Terrace Block 2, 101 Pok Fu Lam Rd, Kennedy Town, Hong Kong",,,,
564,"The Castello Block 2, 69 Siu Lek Yuen Road, Siu Lek Yuen, Hong Kong",,,,
565,"32 Lyttelton Rd, Mid-Levels, Hong Kong",,,,
566,"101 Ki Lung St, Prince Edward, Hong Kong",,,,
567,"Heng Fa Chuen Block 41, 100 Shing Tai Rd, Pak Sha Wan, Hong Kong",,,,
568,"Lohas Park, Hong Kong",,,,
569,"Galaxia Block E, 3 Lung Poon St, Tai Hom, Hong Kong",,,,
570,"Pine Crest, 65 Repulse Bay Rd, Repulse Bay, Hong Kong",,,,
571,"1 Hong Lee Rd, Ngau Tau Kok, Hong Kong",,,,
572,"Koon Fook Centre, 9 Knutsford Terrace, Tsim Sha Tsui, Hong Kong",,,,
573,"Tseung Kwan O, Hong Kong",,,,
574,"Monticello, 48 Kennedy Rd, Mid-Levels, Hong Kong",,,,
575,"76 Jaffe Rd, Wan Chai, Hong Kong",,,,
576,"Golden Valley Mansion, 135-137A Caine Rd, Tai Ping Shan, Hong Kong",,,,
577,"Golden Valley Mansion, 135-137A Caine Rd, Tai Ping Shan, Hong Kong",,,,
578,"Golden Valley Mansion, 135-137A Caine Rd, Tai Ping Shan, Hong Kong",,,,
579,"Tai Hing Estate Hing Shing House, 4 Tai Hing St, Tuen Mun, Hong Kong",,,,
580,"Koon Fook Centre, 9 Knutsford Terrace, Tsim Sha Tsui, Hong Kong",,,,
581,"Block H, Tsing Chung Koon Rd, Tuen Mun, Hong Kong","Tsing Lun Road, Tuen Mun, Hong Kong",,,
582,"Provident Centre Block 4, 27 Wharf Rd, North Point, Hong Kong",,,,
583,"One Pacific Place, 88 Queensway, Admiralty, Hong Kong","One Pacific Place, Admiralty, Hong Kong",,,
584,"15號 Canal Rd E, Bowrington, Hong Kong",,,,
585,"Central Park Block 1, 18 Hoi Ting Rd, Mong Kok, Hong Kong",,,,
586,"Kong Ha, Hong Kong",,,,
587,"Kong Ha, Hong Kong",,,,
588,"310 Gloucester Rd, Causeway Bay, Hong Kong",,,,
589,"1 Hong Lee Rd, Ngau Tau Kok, Hong Kong",,,,
590,"1 Sceneway Rd, Sceneway Garden, Hong Kong",,,,
591,"Victoria Centre Block 3, 15 Watson Rd, Causeway Bay, Hong Kong",,,,
592,"Yuen Long, Hong Kong",,,,
593,"21 Prat Ave, Tsim Sha Tsui, Hong Kong",,,,
594,"Monterey Villas Block B, 12 Po Peng St, Peng Chau, Hong Kong",,,,
595,"8 Tin Shui Rd, Tin Shui Wai, Hong Kong",,,,
596,"84 Hung To Rd, Kwun Tong, Hong Kong",,,,
597,"City One - Shatin Block 8, 5 Tak Kei St, City One - Shatin, Hong Kong",,,,
598,"38 San Wan Rd, Fanling, Hong Kong",,,,
599,"Tseung Kwan O, Hong Kong","Wan Po Rd, Siu Chik Sha, Hong Kong",,,
600,"238 Jaffe Rd, Wan Chai, Hong Kong",,,,
601,"Union Square, Sorrento Tower 1, 1 Austin Rd W, West Kowloon, Hong Kong",,,,
602,"8 Muk Ning St, Kai Tak, Hong Kong",,,,
603,"23號 Austin Ave, Tsim Sha Tsui, Hong Kong",,,,
604,"4 Robinson Rd, Mid-Levels, Hong Kong",,,,
605,"Shining Building, 477-481 Jaffe Rd, Causeway Bay, Hong Kong",,,,
606,"18A Castle Peak Road (Tsing Lung Tau), Tsing Lung Tau, Hong Kong",,,,
607,"Block G, Town Centre, Fairpark Boulevard, Yuen Long, Hong Kong",,,,
608,"Kwun Hei Court Block A, 3 Sheung Lok St, Quarry Hill, Hong Kong",,,,
609,"Kak Tin Village, Siu Lek Yuen Rd, Tai Wai, Hong Kong",,,,
610,"4 Argyle St, Mong Kok, Hong Kong",,,,
611,"Elm Tree Towers Block A, Chun Fai Rd, Jardine's Lookout, Hong Kong",,,,
612,"Elm Tree Towers Block A, Chun Fai Rd, Jardine's Lookout, Hong Kong",,,,
613,"Kai Tsui Court Block B Yiu Tsui House, 16 Siu Sai Wan Rd, Siu Sai Wan, Hong Kong",,,,
614,"Wong Nai Tun Tsuen, Hong Kong",,,,
615,"Scenic Villa Block A-B, 2-28 Scenic Villa Dr, Sandy Bay, Hong Kong",,,,
616,"Devon Court, 16 Cornwall St, Beacon Hill, Hong Kong","Kowloon Tong, Hong Kong",,,
617,"Wing Wah Mansion, 425G-425K Queen's Rd W, Sai Wan, Hong Kong",,,,
618,"7 On Po Ln, Tai Po, Hong Kong",,,,
619,"7 On Po Ln, Tai Po, Hong Kong",,,,
620,"Hong Kong, Causeway Bay, Leighton Hill Rd, 樂活道2B",,,,
621,"Elm Tree Towers Block A, Chun Fai Rd, Jardine's Lookout, Hong Kong",,,,
622,"6 Ying Hong St, Tung Chung, Hong Kong",,,,
623,"Tierra Verde Block 1, Tsing King Rd, Tsing Yi, Hong Kong","33 Tsing King Rd, Tsing Yi, Hong Kong",,,
624,"Tai Po District, Hong Kong",,,,
625,"Hang Shun Mansions, 68-82 Jaffe Rd, Wan Chai, Hong Kong",,,,
626,"Sun On Building, 484-496 Queen's Rd W, Sai Wan, Hong Kong",,,,
627,"New Jade Garden Block 2, 233 Chai Wan Rd, Chai Wan, Hong Kong",,,,
628,"Shek Kip Mei Estate Mei Sang House, Sham Shui Po, Hong Kong",,,,
629,"Hang Shun Mansions, 68-82 Jaffe Rd, Wan Chai, Hong Kong",,,,
630,"70 Robinson Rd, Mid-Levels, Hong Kong",,,,
631,"Siu Kwai Court Siu Fu House, 2 Tin King Rd, Tuen Mun, Hong Kong",,,,
632,"Casa De Oro Block 6, 23 Hung Shui Kiu Main St, Hung Shui Kiu, Hong Kong",,,,
633,"111－133 Kadoorie Ave, Kadoorie Hill, Hong Kong",,,,
634,Hong Kong,,,,
635,Hong Kong,,,,
636,"Po Tat Estate Block A Tat Hei House, 2 Po Lam Rd, Sau Mau Ping, Hong Kong",,,,
637,"Po Hong Mansion, 70 Kwong Fuk Rd, Tai Po, Hong Kong",,,,
638,"Lok Wah North Estate Kan Wah House, 70 Chun Wah Rd, Ngau Tau Kok, Hong Kong",,,,
639,"The Morgan, 31 Conduit Rd, Mid-Levels, Hong Kong",,,,
640,"Hong Kong, Chek Lap Kok, 國泰城",,,,
641,Hong Kong,,,,
642,"Sheung Heu Building, 4-6 Ting Yue Square, Ngau Tau Kok, Hong Kong",,,,
643,"8 Kennedy Rd, Mid-Levels, Hong Kong",,,,
644,"Pictorial Garden Belleve Court, 19-21 On King St, Sha Tin, Hong Kong",,,,
645,"Caribbean Coast, Hong Kong",,,,
646,"1 Harbour Rd, Wan Chai, Hong Kong",,,,
647,"310 Gloucester Rd, Causeway Bay, Hong Kong",,,,
648,"114 Broadway, Lai Chi Kok, Hong Kong",,,,
649,"148 Austin Rd, Tsim Sha Tsui, Hong Kong",,,,
650,"Caribbean Coast Phase 3 Carmel Cove Tower 11, 1 Kin Tung Rd, Caribbean Coast, Hong Kong",,,,
651,"Cheung On Estate Block 4 On Tao House, 1 Tam Kon Shan Rd, Tsing Yi, Hong Kong",,,,
652,"23號 Austin Ave, Tsim Sha Tsui, Hong Kong",,,,
653,"Tseung Kwan O, Hong Kong",,,,
654,"Provident Centre Block 8, 35 Wharf Rd, North Point, Hong Kong",,,,
655,"100 Shing Tai Rd, Pak Sha Wan, Hong Kong",,,,
656,"Hong Kong, 禮頓山禮頓道8號8號 59864",,,,
657,"Tsing Sum St, Tsing Yi, Hong Kong",,,,
658,"Cheung On Estate Block 4 On Tao House, 1 Tam Kon Shan Rd, Tsing Yi, Hong Kong",,,,
659,"2 Mau Lam St, Yau Ma Tei, Hong Kong",,,,
660,"Parkview Corner - Hong Kong Parkview Block 17, Tai Tam Reservoir Rd, Happy Valley, Hong Kong",,,,
661,"8 Yat Tung St, Yat Tung Estate, Hong Kong",,,,
662,"Fu Cheong Estate Fu Loy House, 19 Sai Chuen Rd, Sham Shui Po, Hong Kong",,,,
663,"Kingston Lodge, 5 Kong Pui St, Sha Tin Wai, Hong Kong",,,,
664,"Sorrento Tower 1, 1 Austin Rd W, Tsim Sha Tsui, Hong Kong",,,,
665,"Sorrento Tower 1, 1 Austin Rd W, Tsim Sha Tsui, Hong Kong",,,,
666,"Chek Nai Ping, Hong Kong",,,,
667,"Elegant Terrace, 13 Village Terrace, Happy Valley, Hong Kong",,,,
668,"22 Lai Chi Kok Rd, Mong Kok, Hong Kong",,,,
669,"Ko Po Tsuen, Hong Kong",,,,
670,"18號 Pak Pat Shan Rd, Red Hill, Hong Kong",,,,
671,"41 Salisbury Rd, Tsim Sha Tsui, Hong Kong",,,,
672,"11 Great George St, Causeway Bay, Hong Kong",,,,
673,"Cheung Wah Estate Cheung Chi House, 38 San Wan Rd, Fanling, Hong Kong",,,,
674,"Hong Kong Skycity Marriott Hotel, 1 Sky City Rd E, Chek Lap Kok, Hong Kong",,,,
675,"Taikoo Shing, On Shing Terrace Ko On Mansion, 9 Tai Yue Ave, Taikoo Shing, Hong Kong",,,,
676,"Aberdeen, Hong Kong",,,,
677,"Lower Wong Tai Sin Estate Lung Wah House, 3 Tai Shing St, Chuk Un, Hong Kong",,,,
678,"55 Wong Chuk Hang Rd, Aberdeen, Hong Kong",,,,
679,"8 Mau Yip Rd, Metro City, Hong Kong",,,,
680,"55 Wong Chuk Hang Rd, Aberdeen, Hong Kong",,,,
681,"663 Clear Water Bay Rd, Clear Water Bay, Hong Kong",,,,
682,"Fairview Height Block 1, 1 Seymour Rd, Mid-Levels, Hong Kong",,,,
683,"逸 瓏 灣 2 期 Mayfair By The Sea 號, Mayfair By The Sea Tower 21, 23 Fo Chun Rd, Providence Bay, Hong Kong","23 Fo Chun Rd, Science Park, Hong Kong",,,
684,"San Uk Ka, Hong Kong","Tsuen Wan, Hong Kong",,,
685,"1 Sai Yuen Ln, Sai Wan, Hong Kong",,,,
686,"6 Ying Hong St, Tung Chung, Hong Kong",,,,
687,"Deerhill Avenue, Tai Po, Hong Kong",,,,
688,"The Manhattan, 33 Tai Tam Rd, Stanley, Hong Kong",,,,
689,"200 Queen's Rd E, Wan Chai, Hong Kong",,,,
690,"Siu Kwai Court Siu Fu House, 2 Tin King Rd, Tuen Mun, Hong Kong",,,,
691,"Villa Lotto Block D, 18 Broadwood Rd, So Kon Po, Hong Kong",,,,
692,"4 Robinson Rd, Mid-Levels, Hong Kong",,,,
693,"Pak Fai Mansion, 72 Macdonnell Rd, Mid-Levels, Hong Kong",,,,
694,"Shaukeiwan Plaza Lai Yee Court, 17 Nam Hong St, Shau Kei Wan, Hong Kong",,,,
695,"17號 South Horizon Drive, Ap Lei Chau, Hong Kong",,,,
696,"17號 South Horizon Drive, Ap Lei Chau, Hong Kong",,,,
697,"Laguna City Block 4, 33 Laguna St, Laguna City, Hong Kong",,,,
698,"Panorama Gardens, 103 Robinson Rd, Mid-Levels, Hong Kong",,,,
699,"84 Hung To Rd, Kwun Tong, Hong Kong",,,,
700,"21號 Tong Chun St, Tseung Kwan O, Hong Kong",,,,
701,"Tsuen Wan Centre Tientsin House, 91 Tsuen King Circuit, Hong Kong",,,,
702,"Cheung Sha Wan, Hong Kong",,,,
703,"Kwun Tong Mansion, 36 Yuet Wah St, Kwun Tong, Hong Kong",,,,
704,"Fuk Ming Building, 32 Fuk Tsun St, Tai Kok Tsui, Hong Kong",,,,
705,"Boland Court Phase 1, 10 Broadcast Dr, Beacon Hill, Hong Kong","Kowloon Tong, Hong Kong",,,
706,"Oceanic Mansion, Quarry Bay, Hong Kong",,,,
707,"Glory Heights, 52 Lyttelton Rd, Mid-Levels, Hong Kong",,,,
708,"Villa Athena Block 7, 600 Sai Sha Rd, Villa Athena, Hong Kong",,,,
709,"Affluence Garden Block 1 Prosperland House, 33號 Tsing Chung Koon Rd, Tuen Mun, Hong Kong",,,,
710,"Affluence Garden Block 1 Prosperland House, 33號 Tsing Chung Koon Rd, Tuen Mun, Hong Kong",,,,
711,"39 Kimberley Rd, Tsim Sha Tsui, Hong Kong",,,,
712,"Aberdeen, Hong Kong",,,,
713,"Fortune Villa, 63 Hill Rd, Sai Wan, Hong Kong",,,,
714,"Banyan Garden Tower 6, 863 Lai Chi Kok Rd, Cheung Sha Wan, Hong Kong",,,,
715,"Sun Tin Wai Estate Fung Wai House, Sha Tin Tau Rd, Tai Wai, Hong Kong",,,,
716,"City Garden Block 1, 233 Electric Rd, North Point, Hong Kong",,,,
717,"Yin Tat House On Tat Estate, Anderson Rd, Hong Kong",,,,
718,"100 Cyberport Rd, Telegraph Bay, Hong Kong",,,,
719,"逸 瓏 灣 2 期 Mayfair By The Sea 號, Mayfair By The Sea Tower 21, 23 Fo Chun Rd, Providence Bay, Hong Kong",,,,
720,"33 Seymour Rd, Mid-Levels, Hong Kong",,,,
721,"47號 Shek Pai Wan Rd, Aberdeen, Hong Kong",,,,
722,"38 Tai Hong St, Aldrich Bay, Hong Kong",,,,
723,"Oscar By The Sea Phase 2 Block 7, 8 Pung Loi Road, Hong Kong",,,,
724,"Oscar By The Sea Phase 2 Block 7, 8 Pung Loi Road, Hong Kong",,,,
725,"188 Ma On Shan Rd, Ma On Shan, Hong Kong",,,,
726,"Shek Pai Wan Estate Block 3-3a Pik Ngan House, 68 Yue Kwong Rd, Aberdeen, Hong Kong",,,,
727,"47號 Shek Pai Wan Rd, Aberdeen, Hong Kong",,,,
728,"Ha Tsuen Shi, Hong Kong",,,,
729,"Castle Peak Road (Tam Mei), Shap Pat Heung, Hong Kong",,,,
730,"84 Hung To Rd, Kwun Tong, Hong Kong",,,,
731,"Banyan Garden Tower 6, 863 Lai Chi Kok Rd, Cheung Sha Wan, Hong Kong",,,,
732,"23號 Austin Ave, Tsim Sha Tsui, Hong Kong",,,,
733,"Yat Tung (II) Estate Block 15 Yuet Yat House, Yat Tung St, Yat Tung Estate, Hong Kong",,,,
734,"Friendship Court, 12-22 Blue Pool Rd, Happy Valley, Hong Kong",,,,
735,"33 Shing On St, Sai Wan Ho, Hong Kong",,,,
736,"Blessings Garden Phase 1, 95-95E Robinson Rd, Mid-Levels, Hong Kong",,,,
737,Hong Kong,,,,
738,"Dragon Court, 28 Caine Rd, Mid-Levels, Hong Kong",,,,
739,"Aigburth, 12 Tregunter Path, Mid-Levels, Hong Kong",,,,
740,"Cheung Wang Estate Wang Ngai House, Tsing Yi, Hong Kong",,,,
741,"Elm Tree Towers Block A, Chun Fai Rd, Jardine's Lookout, Hong Kong",,,,
742,"6 Ying Hong St, Tung Chung, Hong Kong",,,,
743,Hong Kong,,,,
744,"Ma Tau Wai, Hong Kong",,,,
745,"35 Station Ln, Hung Hom, Hong Kong",,,,
746,"6 Ying Hong St, Tung Chung, Hong Kong",,,,
747,"South Horizons Phase 3 Block 22 Mei Wah Court, 22 South Horizon Drive, South Horizons, Hong Kong",,,,
748,"La Rossa Tower A, 12 Tung Chung Waterfront Rd, Coastal Skyline, Hong Kong",,,,
749,"8 Oi Yin St, Aldrich Bay, Hong Kong",,,,
750,"Queen's Terrace Tower 2, Queen St, Sheung Wan, Hong Kong",,,,
751,"Tsuen Wan Centre Tientsin House, 91 Tsuen King Circuit, Hong Kong",,,,
752,"Hong Kong, Chek Lap Kok, 國泰城",,,,
753,"Hau Tak Estate Tak Fu House, Hong Kong",,,,
754,"On Keung Building, 91-93 Shung Ling St, San Po Kong, Hong Kong",,,,
755,"Luxury Court, 9 Hau Fook St, Tsim Sha Tsui, Hong Kong",,,,
756,"Tung Hei Court, 73 Bulkeley St, Hung Hom, Hong Kong",,,,
757,"Windsor Mansions, 17 Austin Ave, Tsim Sha Tsui, Hong Kong",,,,
758,"Sau Mau Ping Estate Sau Chi House, 101 Sau Mau Ping Rd, Sau Mau Ping, Hong Kong",,,,
759,"3rd floor, Yick Shing Mansion, 238-240 Lockhart Rd, Wan Chai, Hong Kong",,,,
760,"260, Tsing Chuen Wai Rd, Lam Tei, Hong Kong",,,,
761,"Tip Sum House Butterfly Estate; Wu Chui Road, Butterfly Beach, Hong Kong",,,,
762,Hong Kong,,,,
763,"Beach Village - Discovery Bay 10 Seahorse Drive, 10 Seahorse Lane, Discovery Bay, Hong Kong",,,,
764,"1A Chi Fu Rd, Pok Fu Lam, Hong Kong",,,,
765,Hong Kong,,,,
766,"Riviera Gardens Hoi Kwun Mansion, 2 Yi Hong St, Riviera Gardens, Hong Kong",,,,
767,"68 Sing Woo Rd, Happy Valley, Hong Kong",,,,
768,"Tsz Man Estate Man Yue House, 55 Tsz Wan Shan Rd, Tsz Wan Shan, Hong Kong",,,,
769,"638 Prince Edward Rd E, San Po Kong, Hong Kong",,,,
770,"Villa Sorrento Tower 1, 64-64A Mount Davis Rd, Mount Davis, Hong Kong",,,,
771,"9 號 Hong Tsuen Rd, Sai Kung, Hong Kong",,,,
772,"Block C, The Manhattan, 33 Tai Tam Rd, Stanley, Hong Kong",,,,
773,"紅磡灣, 12號, Hung Lok Rd, Hung Hom, Hong Kong",,,,
774,"10 Po Yick Ln, Tai Po, Hong Kong",,,,
775,"The Coronation Tower 3, 1 Yau Cheung Rd, Yau Ma Tei, Hong Kong",,,,
776,"41 Salisbury Rd, Tsim Sha Tsui, Hong Kong",,,,
777,"Ho Chung New Village, Hong Kong",,,,
778,"Mount Pleasure, 5-9 Sha Tin Heights Rd, Tai Wai, Hong Kong","Mount Pleasure, Hong Kong",,,
779,"180 Wong Chuk Hang Rd, Wong Chuk Hang, Hong Kong",,,,
780,"Shop KG01, G/F, Wah Sin House Wah Kwai Estate,, Pok Fu Lam, Hong Kong",,,,
781,"Block G, Town Centre, Fairpark Boulevard, Yuen Long, Hong Kong",,,,
782,"Festival City Phase 3, Tai Wai, Hong Kong",,,,
783,"Rambler Crest Tower 1, 1 Tsing Yi Rd, Tsing Yi, Hong Kong",,,,
784,"Luk Yeung Sun Chuen Block B, 22-66 Wai Tsuen Rd, Tsuen Wan, Hong Kong",,,,
785,"Dorsett Mong Kok, 88 Tai Kok Tsui Rd, Tai Kok Tsui, Hong Kong",,,,
786,"Tak Hong St, Whampoa Garden, Hong Kong",,,,
787,"One Lasalle, La Salle Rd, Kowloon Tsai, Hong Kong",,,,
788,"8 Muk Ning St, Kai Tak, Hong Kong",,,,
789,"Sunway Gardens Block B, 989 King's Rd, Quarry Bay, Hong Kong",,,,
790,"Celestial Heights 11 Celestial Avenue, 80 Sheung Shing St, Ho Man Tin, Hong Kong",,,,
791,"Cronin Garden Block 5, 18 Shun Ning Rd, Lei Cheng Uk, Hong Kong",,,,
792,"Stanford Villa Block 2, 7 Stanley Village Rd, Stanley, Hong Kong",,,,
793,"Hong Kong, Fanling, FANLING TOWN CENTRE, 2/F, 27A",,,,
794,"22 Tai Koo Wan Rd, Quarry Bay, Hong Kong",,,,
795,"Hing Wah (II) Estate Wo Hing House, 18 Wan Tsui Rd, Chai Wan, Hong Kong",,,,
796,"Tseng Lan Shue Tsuen, Hong Kong",,,,
797,"Fortune Villa, 63 Hill Rd, Sai Wan, Hong Kong",,,,
798,"167 Connaught Rd W, Sai Ying Pun, Hong Kong","1On, On Ping St, Sha Tin, Hong Kong",,,
799,"28 Kin Chuen St, Kwai Chung, Hong Kong",,,,
800,"292 Lockhart Rd, Wan Chai, Hong Kong",,,,
801,"Kwai Hong Court Block B Kwai Yat House, 150 Tai Wo Hau Rd, Kwai Chung, Hong Kong",,,,
802,Hong Kong,,,,
803,"Hong Kong Convention And Exhibition Centre, 1 Harbour Rd, Wan Chai, Hong Kong",,,,
804,"Elm Tree Towers Block A, 8 Chun Fai Rd, Tai Hang, Hong Kong",,,,
805,"4 Tin Hau Temple Rd, Causeway Bay, Hong Kong",,,,
806,"Hee Wong Terrace Block 8, 1 Hee Wong Terrace, Kennedy Town, Hong Kong",,,,
807,"Block G, Town Centre, Fairpark Boulevard, Yuen Long, Hong Kong","No. 11, 5th Street, Section J, Fairview Park, Yuen Long, New Territories, Hong Kong, Fairview Park, Hong Kong",,,
808,"282 Lai King Hill Rd, Lai Chi Kok, Hong Kong",,,,
809,Hong Kong,,,,
810,"To Shek St, Sha Tin, Hong Kong",,,,
811,"Garden Terrace Block 1, 8A Old Peak Rd, Mid-Levels, Hong Kong",,,,
812,"Caribbean Coast Phase 3 Carmel Cove Tower 10, 1 Kin Tung Rd, Caribbean Coast, Hong Kong",,,,
813,"Sha Kok Mei Rd, Sai Kung, Hong Kong",,,,
814,"Ching Hong Rd, Tsing Yi, Hong Kong",,,,
815,"Hong Sing Gardens Block 2, 1 Po Lam Rd N, Hong Kong",,,,
816,"33 Seymour Rd, Mid-Levels, Hong Kong",,,,
817,"Central, Hong Kong",,,,
818,"Dorsett Wanchai, 387-397 Queen's Rd E, Wan Chai, Hong Kong",,,,
819,"Hong Kong, Kellet Bay, Tin Wan Praya Rd, 33號HK 香港島 KA LUNG COURT",,,,
820,"238 Jaffe Rd, Wan Chai, Hong Kong",,,,
821,"3 Shum Wan Rd, Aberdeen, Hong Kong",,,,
822,"Yale Lodge, 30 Kennedy Rd, Mid-Levels, Hong Kong",,,,
823,"Sai Kung, Hong Kong",,,,
824,"238 Jaffe Rd, Wan Chai, Hong Kong",,,,
825,"239 Queen's Rd W, Sai Ying Pun, Hong Kong",,,,
826,"Chungking Mansion, 36-44 Nathan Rd, Tsim Sha Tsui, Hong Kong",,,,
827,"Peak Garden Court, 11 Magnolia Rd, Yau Yat Chuen, Hong Kong",,,,
828,"Peak Garden Court, 11 Magnolia Rd, Yau Yat Chuen, Hong Kong",,,,
829,"51 Fung Shing St, Ngau Chi Wan, Hong Kong",,,,
830,Hong Kong,,,,
831,"Central, Hong Kong","3 Kau U Fong, Central, Hong Kong",,,
832,"Tsuen Wan, Hong Kong","Hong Kong Garden Block 1, Castle Peak Road (Tsing Lung Tau), Tsing Lung Tau, Hong Kong",,,
833,"Parkview Heights - Hong Kong Parkview Block 14, 88 Tai Tam Reservoir Rd, Tai Tam, Hong Kong",,,,
834,"Bauhinia Garden Block 7, 11 Tong Chun St, Tseung Kwan O, Hong Kong",,,,
835,"7A Shan Kwong Rd, Happy Valley, Hong Kong",,,,
836,Hong Kong,,,,
837,"Hang Shun Mansions, 68-82 Jaffe Rd, Wan Chai, Hong Kong",,,,
838,"22 Lai Chi Kok Rd, Mong Kok, Hong Kong",,,,
839,"Ping Tin Estate Ping Sin House, 18 On Tin St, Lam Tin, Hong Kong",,,,
840,Hong Kong,,,,
841,Hong Kong,,,,
842,"1On, On Ping St, Sha Tin, Hong Kong",,,,
843,"35 Station Ln, Hung Hom, Hong Kong",,,,
844,"38 Jordan Rd, Yau Ma Tei, Hong Kong",,,,
845,"Flat D, 10/F, Block 31, Phase 2, Laguna City, Kwun Tong, Kowloon, Hong Kong, Sai Tso Wan, Hong Kong",,,,
846,"Princeton Tower, 80-90 Des Voeux Rd W, Sheung Wan, Hong Kong",,,,
847,"Castle Peak Road (Kwai Chung), Kwai Chung, Hong Kong",,,,
848,"292 Lockhart Rd, Wan Chai, Hong Kong",,,,
849,"Seabird Ln, Discovery Bay, Hong Kong",,,,
850,"1 Sheung Foo St, Ho Man Tin, Hong Kong",,,,
851,"308 Des Voeux Rd W, Sai Ying Pun, Hong Kong","Central And Western District, Hong Kong","3 Chiu Kwong St, Sai Ying Pun, Hong Kong",,
852,"Dragon Centre Block 1, 21 Wun Sha St, Tai Hang, Hong Kong",,,,
853,"Yau Tong, Hong Kong",,,,
854,"Kan Tau Tsuen, Hong Kong",,,,
855,"Shui Pin Wai Estate Chuen Shui House, 17 Ma Miu Rd, Yuen Long, Hong Kong",,,,
856,"United Mansion, 7 Shiu Fai Terrace, Mid-Levels, Hong Kong",,,,
857,"Lung Fung Garden Block B, 33 Lung Sum Ave, Sheung Shui, Hong Kong",,,,
858,"Lung Fung Garden Block B, 33 Lung Sum Ave, Sheung Shui, Hong Kong",,,,
859,"Lung Fung Garden Block B, 33 Lung Sum Ave, Sheung Shui, Hong Kong",,,,
860,Hong Kong,,,,
861,"Le Billionnaire, 46 Sa Po Rd, Kowloon City, Hong Kong",,,,
862,"Sheung Tak Estate Sheung Yan House, 2 Tong Ming St, Tseung Kwan O, Hong Kong",,,,
863,Hong Kong,,,,
864,"Central And Western District, Hong Kong",,,,
865,"4 Robinson Rd, Mid-Levels, Hong Kong",,,,
866,"28 Kin Chuen St, Kwai Chung, Hong Kong",,,,
867,"36 Mei Tin Rd, Tai Wai, Hong Kong",,,,
868,"Green Valley Mansion, 51 Wong Nai Chung Rd, Happy Valley, Hong Kong",,,,
869,"Tai Po, Hong Kong","Hong Kong, Ma On Shan, 西沙路",,,
870,"Big Orange - Kwai Chung, Wo Yi Hop Rd, Kwai Chung, Hong Kong",,,,
871,"Siu Shan Court Hang King House, Wu Shan Rd, Tuen Mun, Hong Kong",,,,
872,"Borrett Mansions, 8A-9B Bowen Rd, Mid-Levels, Hong Kong",,,,
873,"Dorsett Wanchai, 387-397 Queen's Rd E, Wan Chai, Hong Kong",,,,
874,"Kam Tong Building, 33-37 Tai Nan St, Prince Edward, Hong Kong","Kam Tong Building, 831 Canton Rd, Yau Ma Tei, Hong Kong",,,
875,"1 Tin Wu Rd, Tin Shui Wai, Hong Kong",,,,
876,Hong Kong,,,,
877,"2 Island Rd, Wong Chuk Hang, Hong Kong",,,,
878,"Laguna City Block 4, 33 Laguna St, Laguna City, Hong Kong",,,,
879,Hong Kong,,,,
880,"8 Ventris Rd, Happy Valley, Hong Kong",,,,
881,"Nam Shan Ln, Sai Kung, Hong Kong",,,,
882,"Blue Pool Court, 74-80 Sing Woo Rd, Happy Valley, Hong Kong",,,,
883,"Choi Tak Estate Choi Shing House, Ngau Tau Kok, Hong Kong",,,,
884,"Central, Hong Kong","48 Kennedy Rd, Mid-Levels, Hong Kong",,,
885,"88 Chun Yeung St, North Point, Hong Kong",,,,
886,"Kam Fat Building, 9 Tseng Choi St, San Hui, Hong Kong",,,,
887,"The Metropolis Residence Tower 2, Metropolis Dr, Hung Hom, Hong Kong",,,,
888,"Baguio Villa (Lower), Pok Fu Lam, Hong Kong","Baguio Villa Block 33, 550 Victoria Rd, Telegraph Bay, Hong Kong",,,
889,"Garden Vista Block C, 11 On King St, Sha Tin, Hong Kong",,,,
890,"Tung Hei Court, 73 Bulkeley St, Hung Hom, Hong Kong",,,,
891,"310 Gloucester Rd, Causeway Bay, Hong Kong",,,,
892,"Palm Springs Blvd, San Tin, Hong Kong",,,,
893,"Borrett Mansions, 8A-9B Bowen Rd, Mid-Levels, Hong Kong",,,,
894,"Kensington House, 68-74 Junction Rd, Kowloon City, Hong Kong",,,,
895,"Festival City Phase 2, Tai Wai, Hong Kong","Festival City Phase 1, Tai Wai, Hong Kong",,,
896,"Island Crest Tower 2, 8 First St, Sai Ying Pun, Hong Kong",,,,
897,"Ha Shan Kai Wat, Hong Kong",,,,
898,"11 Rock Hill St, Kennedy Town, Hong Kong",,,,
899,"70 Robinson Rd, Mid-Levels, Hong Kong",,,,
900,"Winfield Gardens, 34-40 Shan Kwong Rd, Happy Valley, Hong Kong",,,,
901,"Yuen Long District, Hong Kong",,,,
902,"Bauhinia Garden Block 7, 11 Tong Chun St, Tseung Kwan O, Hong Kong",,,,
903,Hong Kong,,,,
904,"San Hui Village, Hong Kong",,,,
905,Hong Kong,,,,
906,Hong Kong,,,,
907,Hong Kong,,,,
908,Hong Kong,,,,
909,Hong Kong,,,,
910,Hong Kong,,,,
911,"Oi Man Estate Chiu Man House, No. 12 Hill, Hong Kong",,,,
912,"Oi Man Estate Chiu Man House, No. 12 Hill, Hong Kong",,,,
913,"Yau Tong, Hong Kong",,,,
914,"123 Pak Tai St, Ma Tau Chung, Hong Kong",,,,
915,"40 Circular Pathway, Tai Ping Shan, Hong Kong",,,,
916,"South Horizons Phase 1 Block 4 Hoi Wan Court, 4 South Horizon Drive, South Horizons, Hong Kong",,,,
917,"Flat-D1,14/F, Mirador Mansion, 58 Nathan Rd, Tsim Sha Tsui, Hong Kong",,,,
918,"Mau Po Road, Clear Water Bay, Hong Kong",,,,
919,"Dorsett Wanchai, 387-397 Queen's Rd E, Wan Chai, Hong Kong",,,,
920,"Imperial Cullinan Tower 6b Imperial Seaside, 10 Hoi Fai Rd, Tai Kok Tsui, Hong Kong",,,,
921,"Kat Hing Wai, Hong Kong",,,,
922,"21 Yau On St, Tai Wai, Hong Kong",,,,
923,"Sau Mau Ping Estate Sau Chi House, Sau Mau Ping, Hong Kong",,,,
924,"Kowloon City, Hong Kong",,,,
925,Hong Kong,,,,
926,"71-77 Tin Shui Rd, Tin Shui Wai, Hong Kong",,,,
927,Hong Kong,,,,
928,"Luk Kwai House Kwai Chung Estate, Kwai Chung, Hong Kong",,,,
929,"Yick Shing Mansion, 238-240 Lockhart Rd, Wan Chai, Hong Kong",,,,
930,Hong Kong,,,,
931,"Wah Yu Court, 8 Hong Ping St, Chai Wan, Hong Kong",,,,
932,"109 Temple Street, 109 Temple St, Yau Ma Tei, Hong Kong","109 Temple Street, 109 Temple St, Yau Ma Tei, Hong Kong",,,
933,"Section C 5th St, Fairview Park, Hong Kong",,,,
934,"Chung Hom Kok Rd, Chung Hom Kok, Hong Kong",,,,
935,"Hin Keng Estate Hin Kwai House, 69 Che Kung Miu Rd, Tai Wai, Hong Kong",,,,
